	Temperature_6	Temperature_5	Temperature_8	Temperature_7	Oxygen_6	Oxygen_5	Oxygen_8	Oxygen_7	nitrates_6	nitrates_5	nitrates_8	nitrates_7
allSRF												
EPI	0.32175925925925924	0.2662477954144621	0.13215525793650792	0.19198318216175358	0.21746031746031746	0.23175925925925928	0.1722883597883598	0.19366654069035022	0.21592261904761903	0.16140652557319224	0.1548735119047619	0.13385298563869993
MES	0.23665123456790121	0.11842592592592593	0.2550347222222222	0.28267195767195763	0.2384259259259259	0.16824074074074075	0.3616319444444444	0.29391534391534385	0.2520061728395062	0.14935185185185185	0.26035879629629627	0.32810846560846557
all	0.17157521619327173	0.1981890177723511	0.13722993827160496	0.15150427174236697	0.25637708484930705	0.31946140279473606	0.2134975749559083	0.22163871181728323	0.17727027345082902	0.1846725342558676	0.14411237874779542	0.18254769921436587
SRF	0.7804783950617283	0.6802777777777779	0.8605324074074073	0.9011243386243386	0.5448302469135802	0.5624074074074075	0.7740162037037036	0.7258597883597884	0.5868055555555556	0.6319444444444444	0.8223379629629629	0.7863756613756612
