	clr_M0_kmeans_5	clr_M0_kmeans_6	clr_M0_kmeans_7	clr_M0_kmeans_8	clr_M1_kmeans_5	clr_M1_kmeans_6	clr_M1_kmeans_7	clr_M1_kmeans_8	clr_guidi_kmeans_5	clr_guidi_kmeans_6	clr_guidi_kmeans_7	clr_guidi_kmeans_8	clr_salazar_kmeans_5	clr_salazar_kmeans_6	clr_salazar_kmeans_7	clr_salazar_kmeans_8	clr_stress_kmeans_5	clr_stress_kmeans_6	clr_stress_kmeans_7	clr_stress_kmeans_8
	0.4496015840162092	0.3513820496334686	0.40349933517825676	0.3258721698825865	0.33349314628726395	0.35536506960118075	0.3363500677401237	0.27121784188531944	0.277132747426865	0.3137653253155704	0.328112584064965	0.2701996402517236	0.40274108017980564	0.39988779224890336	0.3026676916557869	0.28794279601571265	0.3113786463889663	0.2715706070587606	0.27114084324051646	0.2415181489586251
_epi	0.41708152958152955	0.3277839572978462	0.3736255697565221	0.43121893538560196	0.3933052749719416	0.3498999971222193	0.38126439257391637	0.40965195105820107	0.42641754850088176	0.41415026588637693	0.3661454396573444	0.39539792768959436	0.4811592111592111	0.3896426233231789	0.3989800213014499	0.40529238315696653	0.3242907247073914	0.28499829645662983	0.2649990551776266	0.2401151895943562
_mes	0.4426851851851852	0.46033950617283953	0.48511904761904767	0.5278356481481481	0.397962962962963	0.42130731922398584	0.49437830687830675	0.5549189814814814	0.43566137566137564	0.43711419753086417	0.5019179894179894	0.5348379629629628	0.3759259259259259	0.45709876543209876	0.49682539682539684	0.4429398148148148	0.21935185185185185	0.383179012345679	0.3731481481481481	0.3853009259259259
_srf	0.8849074074074074	0.9274691358024693	0.9304232804232804	0.8900462962962961	0.9419444444444444	0.8868827160493827	0.9107804232804233	0.8994791666666665	0.8951851851851852	0.9010802469135801	0.8320105820105819	0.876736111111111	0.7927777777777778	0.8367283950617284	0.7076719576719577	0.8023726851851851	0.7833333333333333	0.6584104938271604	0.7216931216931217	0.7789351851851851
