	clr_guidi_all_kmeans_5	clr_guidi_all_kmeans_6	clr_guidi_all_kmeans_7	clr_guidi_all_kmeans_8	clr_M0_all_kmeans_5	clr_M0_all_kmeans_6	clr_M0_all_kmeans_7	clr_M0_all_kmeans_8	clr_M1_all_kmeans_5	clr_M1_all_kmeans_6	clr_M1_all_kmeans_7	clr_M1_all_kmeans_8	clr_salazar_all_kmeans_5	clr_salazar_all_kmeans_6	clr_salazar_all_kmeans_7	clr_salazar_all_kmeans_8	clr_stress_all_kmeans_5	clr_stress_all_kmeans_6	clr_stress_all_kmeans_7	clr_stress_all_kmeans_8
_ch	(0.3356359649122807, 0.3192058916936367)	(0.333187134502924, 0.34056677633066523)	(0.3570540935672515, 0.3582385757980996)	(0.3736476608187134, 0.3689933523266856)	(0.38918128654970763, 0.35924810801036294)	(0.31140350877192985, 0.32883155182991786)	(0.27839912280701756, 0.2868987746613797)	(0.35836640211640214, 0.3472770945580382)	(0.32149122807017544, 0.30634057482096705)	(0.29930555555555555, 0.31690013153452695)	(0.3724415204678363, 0.34308323011929454)	(0.3134137426900585, 0.3309521786084286)	(0.39923245614035086, 0.39442538897195756)	(0.4553728070175439, 0.4073784240450907)	(0.42500000000000004, 0.3535561880799976)	(0.381798245614035, 0.32625323172198173)	(0.4446271929824561, 0.36963061854057727)	(0.3452485380116959, 0.2649821950169173)	(0.2927997076023392, 0.21315448220210126)	(0.30584795321637426, 0.17517566345691346)
